Algorithm,Selected,Total,ReductionRatio,Coverage,TimeElapsed
GA,17,1000,98.3,40,0.0058650970458984375
PSO,11,1000,98.9,40,0.007957935333251953
ACO,10,1000,99.0,40,0.07390117645263672
