Algorithm,Selected,Total,ReductionRatio,Coverage,TimeElapsed
GA,1520,1780,14.60674157303371,2000,0.17784905433654785
PSO,1437,1780,19.269662921348317,2000,0.08138227462768555
ACO,1464,1780,17.752808988764045,2000,2.473289966583252
