Algorithm,Selected,Total,ReductionRatio,Coverage,TimeElapsed
GA,3986,10000,60.13999999999999,120,105.22398900985718
PSO,4894,10000,51.059999999999995,120,106.85663890838623
ACO,120,10000,98.8,120,3.2836339473724365
