Algorithm,Selected,Total,ReductionRatio,Coverage,TimeElapsed
GA,40,1000,96.0,40,0.30409908294677734
PSO,40,1000,96.0,40,0.7902202606201172
ACO,40,1000,96.0,40,1.0902209281921387
