Algorithm,Selected,Total,ReductionRatio,Coverage,TimeElapsed
GA,222,1000,77.8,40,4.241357088088989
PSO,471,1000,52.900000000000006,40,4.989486932754517
ACO,40,1000,96.0,40,16.100961923599243
